{
    "precision": 1.0,
    "recall": 0.8928571428571429,
    "f1_score": 0.9433962264150944,
    "mrr": 0.0021008403361344537,
    "map": 0.9798700253217416,
    "bert_precision": 0.33076563477516174,
    "bert_recall": 0.5796290636062622,
    "bert_f1": 0.45131465792655945
}