{
    "precision": 1.0,
    "recall": 0.9642857142857143,
    "f1_score": 0.9818181818181818,
    "mrr": 0.0,
    "map": 0.9452899615197642,
    "bert_precision": 0.2642226219177246,
    "bert_recall": 0.5224795937538147,
    "bert_f1": 0.3905119001865387
}