{
    "precision": 1.0,
    "recall": 0.8214285714285714,
    "f1_score": 0.9019607843137255,
    "mrr": 0.0,
    "map": 0.7450421826953721
}