{
    "precision": 1.0,
    "recall": 0.8928571428571429,
    "f1_score": 0.9433962264150944,
    "mrr": 0.0,
    "map": 0.8589458245303849,
    "bert_precision": 0.19017253816127777,
    "bert_recall": 0.48821812868118286,
    "bert_f1": 0.31826701760292053
}