{
    "precision": 1.0,
    "recall": 0.8928571428571429,
    "f1_score": 0.9433962264150944,
    "mrr": 0.14993869341050658,
    "map": 0.9572244323526191
}